time,0.05,0.1,0.15000000000000002,0.2,0.25,0.3,0.35000000000000003,0.4,0.45,0.5
0.0,2.447923117911865,1.6531850932839671,32.01860510832914,24.205747251062473,3.841294462119602,3.6265383432472404,0.24959016855885227,0.035286307779850375,0.012341910692822037,0.0128927672652434
0.014705882352941176,2.4885033121724356,1.3502171038040098,178.92860654458036,68.4333171351746,4.9609182797364575,0.6092865512866581,0.030544674929439842,0.008502367461134006,0.008079414332468674,0.013512648169276234
0.029411764705882353,3.606752017718775,3.7845072276553204,182.8393074108078,14.15232933723455,10.065201878075136,0.14934004717328536,0.02044993364162697,0.007323017201341846,0.008939770942165824,0.006339335139170284
0.044117647058823525,2.6851772269411915,18.18397338573877,139.20227459983232,118.72928738100315,15.162483594055555,0.3369984593886904,0.012143351514643484,0.006791044272045507,0.00830763476144464,0.01263229168224883
0.058823529411764705,2.0932714544308735,17.35305658027483,665.6390508628915,934.5119900639535,3.956967133978854,0.293314059232279,0.04745744691490653,0.011259336907951802,0.004428719861464349,0.010008609552491424
0.07352941176470588,1.3075474694646505,2.5360903297952184,801.8389680684943,934.9658891109273,11.591547175192897,0.09473075307046894,0.31758391472241476,0.013621266765522704,0.007326657956862524,0.007859949884486479
0.08823529411764705,3.073166979846837,2.2462087739416328,1452.703779493723,4279.345042069591,35.69975220938005,1.3698705980053214,0.26089780726133466,0.06549292071835508,0.028718933998203824,0.013457094990924892
0.10294117647058824,3.3805089360114144,1.2400295739020328,86.98385998468352,3241.608361501288,213.70121961288712,13.130091873354113,0.4043529552381694,0.19226658971473257,0.022880313303252395,0.020499426025251843
0.11764705882352941,1.3076803336939449,0.4642106946984169,147.29834539307012,2837.556744378222,69.8412266932723,2.803657316906006,0.055086268746393566,0.11759309251341302,0.012613107301189162,0.02340104686040054
0.13235294117647056,2.3890767259634798,1.7305400355528318,208.84363658281723,1239.1552911534664,232.1103648126793,5.043229495150054,0.05598284523771835,0.01669197320766484,0.023258546403670866,0.006261244501581105
0.14705882352941177,4.489405537050865,1.8778105331077244,272.1037903410556,778.702725412275,2225.828214606698,18.460663126581263,2.3964939048985356,0.09024563486598011,0.035778229386678524,0.014027744209481111
0.16176470588235295,2.168498515061215,2.656668692607001,149.10130041894018,502.57711661676944,2510.8609685402153,297.28972554802834,6.2227244171662335,0.027569758879082445,0.013256758317599655,0.043234354652652504
0.1764705882352941,2.864341926863903,7.429309067444857,41.47012402741842,284.11369191754716,558.8443951730405,211.19609699189087,29.287190961612623,0.028408790063020203,0.010389392030252975,0.12072927552602
0.19117647058823528,3.299921002458356,27.09168154484864,388.6758329316964,121.60459731734821,1337.6976119757219,345.7391218408657,8.235000716714174,0.06741429282059762,0.014301346692978528,0.013155508620610087
0.2058823529411765,5.150579028432569,1.2190325231678392,375.81700562186853,355.8903137886671,455.6797027238598,114.142500917106,3.684814445195336,0.019503596375743882,0.00974356935282434,0.013629886120136528
0.22058823529411764,1.2479003580445618,6.311104371140011,243.4081933165748,165.6509337373767,117.10841008873413,30.991675389651384,2.126221810423117,0.03961254480094088,0.017104989210184638,0.007256180848977336
0.23529411764705882,3.576964358813063,1.7702579805741294,114.8002924767396,1045.2549334882906,35.568317334286974,7.13552735568832,0.16266151819407618,0.09821420448584461,0.013361602593549852,0.006928670781080559
0.25,2.4326203576110728,15.858910695706054,16.653018475794976,1420.2057088911051,31.386689454717953,3.0597785836924256,0.09892504160907524,0.052354768892341814,0.014303840224189969,0.008373982336219658
0.2647058823529411,1.9201754019705097,15.660374190959956,206.29447753223363,2244.475760861751,43.346458341289335,1.876456654832111,0.23874061512468703,0.11466483023933856,0.00883797953099701,0.00581890735135053
0.27941176470588236,1.7722375896550424,98.08567721525509,195.53139424353023,1535.2428812040816,151.11108955856895,0.3618184353021458,0.08624814619959356,0.295092826052648,0.017944393612717265,0.0077844351613615415
0.29411764705882354,1.418693750812416,73.70648465613901,139.94261438523702,531.6167330585007,1175.8205074684015,1.2267683883757734,0.030470787734804765,0.025436160555378597,0.03776028255492576,0.011368171582827543
0.3088235294117647,3.590696375387686,24.909592849251116,182.17691664034436,269.4497750379745,3909.9641158656545,1.600934773019882,0.012082074435227156,0.014021461445352244,0.06664075408918849,0.014761347946152076
0.3235294117647059,2.4791890940976664,2.5552650373201713,97.88340115325985,132.44485065726806,4310.568305125002,0.7595355773753205,0.01713566573187406,0.01151272342667393,0.010071946219291424,0.025578827245307266
0.3382352941176471,2.8944749489528094,5.127487076611664,67.39154840590547,61.60887541499902,4035.622451948514,139.95987303719903,0.03857177834351999,0.009341434278812767,0.006929689116472981,0.016310388840837492
0.3529411764705882,2.7513307171973307,11.717868584526999,266.49747831065525,82.12388857055589,6454.156636816782,4875.408251500346,2.8062545624644804,0.04563208341035095,0.051374164176646975,0.07393047683980529
0.3676470588235294,3.1441489479003826,14.160152999732686,82.51098919603432,607.011004615217,359.82713243864396,10602.199400781707,143.24362732139397,0.07598909428473515,0.02051867916484938,0.04990672694202349
0.38235294117647056,3.1482426749811854,1.7993905484321444,68.85601687587913,127.56430538800277,107.69078603375317,7273.605698776868,585.2809301596083,0.3742068315189592,0.03293868909959934,0.021970885502652686
0.3970588235294118,4.220969010190916,4.082612871946119,46.38716360757668,241.522701949886,57.308499054398204,4009.380084767986,4873.897462774112,2.311564174412829,0.022243965076477613,0.05048882881070019
0.411764705882353,3.2899498254782897,0.7674306679785201,9.964500275892966,479.0097520375351,81.31923203882837,928.7520056674049,676.0596595179686,41.9299902724771,0.0249855046988337,0.06966408373626061
0.4264705882352941,1.9354488314678164,18.605019636924602,24.800855290946835,5.613762204974206,37.22901701319016,515.8453870757868,1219.5756719172657,29.725588729894902,0.01627173594688962,0.034219132781828754
0.4411764705882353,3.6678265271501176,25.41125422750794,40.37885404108371,15.063057609673308,34.5642478346931,396.14752741640064,492.57999913275205,19.16001833638364,0.02194591402127041,0.017442207113194795
0.4558823529411764,1.6388091864671475,25.20170355914466,66.10944389178884,19.44245907594298,11.814568649189466,50.68594546003083,48.72229282382275,1.6349014591058422,0.009818941517644418,0.019757664737432783
0.47058823529411764,1.8620105135607705,1.1176904756112254,11.820193308695863,59.07384420810874,10.767037795839762,22.33713210464155,15.359303708799372,0.2511844380498863,0.00443274788632888,0.010586576121196394
0.4852941176470589,2.1896943253928582,4.547307775052966,12.743534062569768,32.76801617289673,16.094234573622053,4.709248247925063,0.9034731116678407,0.10313108074426115,0.006923899836103226,0.012895883844001551
0.5,3.5776457074296037,10.737232823243438,13.747575309707294,11.017745101783092,5.415229761510718,2.6712013446942553,0.41566043435595157,0.03963244401657607,0.012085999226309783,0.007014852057632685
0.5147058823529411,1.674441353426457,2.198292104875374,135.95175257490303,30.238193862983323,8.232937575505753,1.3367887296410077,0.15019069289447076,0.0073988939935538435,0.008760575199501928,0.0076100957266031
0.5294117647058822,1.986386640285971,1.6687485331452567,415.90116122945875,108.13212066077118,45.305429963654674,0.9654873734409244,0.02926749248140395,0.006666180437266843,0.00508785466125407,0.009299813047175864
0.5441176470588235,3.8443771484841096,5.487697572252094,239.19078938500343,14.716051992199807,17.725623207531125,0.03987552921726324,0.009078467453273797,0.014186172052661776,0.008357927417569732,0.004647927984927261
0.5588235294117647,0.4734660610337205,1.0119222316356893,266.19927369039146,19.234137339673243,9.958454582592232,0.3026945271741263,0.008028481640931267,0.006155958311128598,0.003614723961916847,0.0037451788771678323
0.5735294117647058,2.38208485533293,5.178936783803448,279.6074416204619,210.16183800505445,6.433068938166582,0.2217546675681841,0.003516118887019943,0.005065048544499969,0.012056701060383795,0.01735845278236766
0.5882352941176471,3.2524579854865756,2.246948837914329,169.38499042764803,100.06746622415997,3.245265495803424,0.03783954874095037,0.006750027922950255,0.007728394207838669,0.010560571103340858,0.007325494791370197
0.6029411764705883,2.399845261012207,0.5000792364047574,220.84808302672192,60.77283944265624,12.881882368329197,0.09204804006581298,0.018847840819227,0.012034731264233179,0.006431716168974022,0.005568277843034168
0.6176470588235294,2.032369063311098,3.7258961180659806,702.179507064049,17.99265541534978,2.7591185163975043,0.5454559053669109,0.008127770133808046,0.006583004314478882,0.009035075362899991,0.007492455447005026
0.6323529411764706,2.61309909578706,1.9590607353422707,518.9631741710314,24.407027155573104,4.168742531351367,2.0316219302736243,0.009850056679708272,0.011671912017410573,0.007250036150589209,0.009783401188953293
0.6470588235294118,1.9405341017378301,1.6573241057588843,538.9977394640156,57.698672399762884,8.569601706311751,2.5515753432476047,0.10779427368674403,0.015139901590585841,0.0047932760824362765,0.004504675010945508
0.6617647058823529,1.8159311194837722,7.8673822276358685,180.17794785309442,30.19007167135676,11.54210218997795,12.361537031911828,21.773795436765027,0.02438346147504033,0.0052061562865097525,0.005548984939784375
0.6764705882352942,2.972699369151458,4.289216525628307,45.72447637525619,7.099947791327426,41.303547697070286,443.95800988951356,1155.5274497001833,0.05175781643852247,0.003383188978883198,0.008842783062035725
0.6911764705882353,2.5955414812432354,1.682134184233765,22.756119072080235,9.156416068429127,26.109284657709928,471.999733637349,672.5679464240551,0.15942728463677597,0.0047892424858552,0.007664640030326067
0.7058823529411764,4.693323466330293,1.7796261309138237,20.17663773423805,5.185693782410424,35.08352926872642,653.4252694948824,166.00684760230664,0.30334759447054216,0.009897043121138985,0.004443878559715408
0.7205882352941176,1.129301099552714,7.6679933938948865,17.49753558481089,17.185046889574174,136.39408632351066,588.1611723505756,52.87249404696216,0.028942564200960294,0.009477402334332021,0.015425391209880809
0.7352941176470588,2.4884091265452186,0.6295520976307218,1.1531776506208211,18.191377444149634,123.29911014513372,86.58951194568914,21.071991448065233,0.015286472324158768,0.005480892941843276,0.030436659203237203
0.75,1.1307545413229914,0.9304086297027563,10.342436872272213,13.824299257720291,14.915255501156665,34.81630343990981,1.6341677749823673,0.0558087556536687,0.00326146424784674,0.013249149257591256
0.7647058823529411,3.4924981752308617,0.5205612078233091,27.265403486181384,44.0723985826491,4.672893878557078,2.935862692916702,1.8773067622879442,0.032978147287701993,0.005138443712025123,0.005376591783311417
0.7794117647058825,2.17846863627033,1.876621030277039,24.75459204105195,10.404091097161574,18.2513308536918,3.939240529730038,0.8667231874276309,0.06530834302191245,0.0065519871658225055,0.003368093301256903
0.7941176470588236,3.5995768679320186,1.7001074468022999,72.23063473201651,132.5475207631257,7.834156515700536,2.018128069487895,0.22362878559709004,0.01953274269725642,0.00666396171666849,0.005763839342366878
0.8088235294117647,2.0059189731364047,1.9094037967907078,191.49267847302764,1172.0343865148523,62.86468497069205,8.144666216652293,0.16713878072138888,0.024348584313456993,0.00987785489071962,0.008418083832696243
0.823529411764706,4.7360374922929305,1.2179519878143368,960.9760880472194,1583.6081735468333,48.003194936175625,211.36961927298177,0.16108739769790464,0.012289174092050222,0.013687481942095472,0.008576203712163019
0.8382352941176471,1.645428246651346,0.47239076786727524,378.43095887097894,3270.2055078016942,2.9666348663163395,133.83656425762666,67.75298193161967,0.3610049689112038,0.007356487108768052,0.03006077754171771
0.8529411764705882,2.1533035436708414,0.36143018784088404,24.919276829070817,1433.623032859307,269.52749352434154,72.95884100943478,801.2597690720337,5.472842007503683,0.039557563161027494,0.012104393250675263
0.8676470588235293,2.9529518486355673,0.9176074564400007,65.63865457766173,127.83378233171412,2501.407948826262,177.73428736177175,1806.6513547140542,17.0038466281911,0.19599690191211905,0.04485881357181852
0.8823529411764706,4.308934190383538,0.5910901360484747,31.01626159545461,734.135720624235,191.56451149050872,2146.631970594705,3605.8213342291983,46.19659957320081,0.18125933121950863,0.030368240622509854
0.8970588235294117,1.9662471257312666,0.4385546899464372,26.810115979590265,770.9407553237701,380.36204971140705,5740.181903147029,484.6610656432863,29.673405094769727,0.030369703778784042,0.059869022856807924
0.9117647058823528,0.9540304311265937,2.6060319904377582,9.46001533646484,158.72333840140362,15.99825122394034,422.54752707292687,287.9785628073507,0.811852971864966,0.0292611259380477,0.02450304181342514
0.9264705882352942,2.2585873977388085,2.047221046816019,40.6484749047337,398.411014919861,55.63070722709536,269.1736472181825,2492.0688403637128,1.4640671104422212,0.01169291023114858,0.024636925196035414
0.9411764705882353,2.8873066872013573,0.7139123126828799,19.30579826673094,80.89539581999213,60.246045179951004,144.04536057306657,418.10347662384856,10.79235501588986,0.01052924477923612,0.02408648280699684
0.9558823529411764,1.2279382581002014,1.3740162362805322,39.11727614402088,75.68419864702635,46.93340437635645,625.0994749441713,213.6211272780625,24.039485429044316,0.007681081550941392,0.014402273639993373
0.9705882352941178,3.735488646661389,5.748809299045173,30.021323693713548,68.96270000309099,20.236156612145386,427.85380393766746,242.93543509906664,39.6873747041118,0.0037899787695839554,0.025590987851313002
0.9852941176470589,1.1252702815423186,11.079426605512074,52.05671858726718,25.08276622422827,63.20095494166038,203.49937638482032,100.3267353896444,5.411269945058626,0.010584815057505281,0.029859398310740245
1.0,1.3502692465046335,0.7316226787598419,18.592638762848562,13.961519123784818,40.37279245332952,105.42427771617277,23.026701587876858,0.2233809835428066,0.011965376779397182,0.02724177359180116
1.0147058823529411,0.749601907453826,0.25570568354404916,15.806177388308903,43.02133768042037,34.41867073450997,14.908702776804716,1.2106414478191376,0.026380363411124933,0.014722344374680528,0.014751422411891953
1.0294117647058822,2.8280099638522618,0.3660355446403035,10.065443442324998,18.906625920728708,29.452580440608365,7.027899952007557,0.10046369109422798,0.013411176474136238,0.016655409097007037,0.010363449819367578
1.0441176470588234,1.9396803985623599,0.6317207549915971,8.88705186993051,12.18863623434104,28.04338438759657,0.8056032857086767,0.07087984466312947,0.01646944976126582,0.004754757204806134,0.015771311943671488
1.0588235294117645,0.9172196444038668,0.7854823308761324,31.748953775879883,6.396253097034,130.16796193648494,0.10711758772363307,0.018686214249075874,0.010070329777667435,0.009576275297431535,0.008750956127820316
1.0735294117647058,1.5934494291483892,0.3389262490967355,64.80376392829756,28.083446518707262,412.1625942418122,0.24410292500673658,0.00904496044868167,0.012585070533188948,0.01166768019185524,0.011884280199551815
1.088235294117647,2.1012188936967244,0.9222823077040336,35.04067242945453,30.843052072950666,629.3414514651619,1.3115074413863244,0.011984983185831962,0.009394485059122631,0.012470394949504329,0.013546629092140935
1.102941176470588,3.754074082114138,0.48484371767255996,195.0590863464771,485.84785546475416,2356.763748758538,5.5577638624914325,0.026907265605174095,0.00809592414931762,0.020206019317552008,0.008084469292105743
1.1176470588235294,2.2307990883246682,1.0209942022471958,98.29051206764511,3155.6760236154937,5351.467241346516,407.98716028043265,0.19382678472835185,0.019699661105534522,0.016621168301413965,0.006611191403837353
1.1323529411764706,2.478892226093221,0.5149704405812991,26.639369161108934,1628.4608848411926,1557.5778880801777,4268.899077637179,0.650636613157595,0.014065412797873557,0.013016982698823197,0.008687395743253792
1.1470588235294117,3.369046835226878,1.1735772778854183,6.177474787652813,162.78661392642323,103.62042322013446,4941.386638000703,3.1512101448894305,0.022414153545874338,0.008562831711668877,0.010403455014754075
1.161764705882353,2.657006913872309,1.423353489904199,38.28431032983166,518.887602571776,249.33044361398532,5087.012043669262,420.263267247992,0.10518927220247962,0.009343478178945982,0.009139423147770977
1.1764705882352942,1.5557560430573847,3.9585498911335697,17.08688228929417,151.6504930026913,35.053275382133805,1126.4461539288466,4597.522026746499,0.71158815151061,0.00921956056729798,0.008618720541683339
1.1911764705882353,0.928450125432102,2.735127440915189,38.08019016802142,129.60820055915832,72.90349113421678,754.9221089559726,6297.377371370832,8.146888313623892,0.01794325724010197,0.013921850847395067
1.2058823529411766,1.5216825984559021,1.7427758738462402,13.646353713473918,292.80927764215,165.93354743444633,1256.488195275069,1947.795838585506,68.6506976098107,0.04615955231369623,0.023868911517218632
1.2205882352941178,1.8814580031553203,2.773378920325307,88.6204294721776,344.69016126610705,114.82688198013693,1051.143612073854,2349.4944476685964,273.4093347773353,0.083548659605536,0.02610336568626903
1.2352941176470589,1.9736881557622072,9.866165737594553,87.56547663338722,794.8686743570926,7.854550000139429,87.02803288231945,422.87603618333264,35.56326715026352,0.08696187397615789,0.014927143802593378
1.25,2.1642233443739554,2.3532168745072313,271.6980108380135,2126.936937032308,148.66450345404564,153.62938626663077,121.04822413711814,0.8188104991258276,0.012420367596146708,0.010667329131269512
1.2647058823529411,1.9725341867245636,1.2651085286727524,23.638920614804597,3562.0113911763956,642.6866677755143,203.089185851286,6.4484522427000694,0.12263791054226159,0.03522990741061377,0.00840501325919896
1.2794117647058822,3.014467585911724,1.3731448710388623,26.53529772206832,1793.5145613502702,6979.420913731879,29.291173224724375,0.6461502227211894,0.03353642094315569,0.3824166765211122,0.006121218045065615
1.2941176470588236,1.455227505450008,3.7649563953155027,22.398417276880025,109.95363742748104,3590.1822359952776,143.08091608490312,0.16377111264771443,0.010052655284445145,0.056246587701608106,0.08072988114433981
1.3088235294117647,1.193973303807181,3.740981252519649,129.82728121352827,296.43643878989724,5750.387530787777,4115.680361082648,1.3178886078175713,0.030464265173712122,0.08054134551262174,0.5472556719525532
1.3235294117647058,2.4279226879701223,0.8192397568302009,495.0167882918944,235.73420811329316,622.0463694276987,6614.615327392482,107.97877580698652,0.10766164287852902,0.05287359104568808,0.05506282166166239
1.338235294117647,1.1012412627532537,1.2962451013065261,256.00886286182515,162.1421388950462,95.26043796609447,525.5631842829081,2192.710373833966,1.6331057249504368,0.039691206417322954,0.028211250560650727
1.3529411764705883,3.2123373218751956,2.5692584991042375,120.23042459488629,100.55408017064488,113.53884179709861,96.58692846886436,1139.4461724865916,4.535761373926043,0.08201345588113773,0.025221745429566924
1.3676470588235294,2.165182014287262,2.156482949910135,31.64956879169051,682.9883257385096,3355.410922087119,54.54990425243867,275.0684419481896,3.8456039607459336,0.2237960107745085,0.1600733980783198
1.3823529411764706,2.8407061361237953,2.0503724677669015,18.731975891218596,1625.767532419307,12922.139010459885,67.22321608913947,534.4445827030539,0.988012939617384,0.29264038361705574,0.30595433385874826
1.3970588235294117,3.797584951219569,2.915240807561119,25.48783824358518,761.9949275536837,6690.56304342193,245.75567405460623,267.09000051113856,0.22028502241225478,0.06309336859582514,0.15756097311850648
1.4117647058823528,3.6877167430950997,1.4206768287964295,64.40895832889665,408.2415852781971,2581.2043905252985,307.6918019696134,10.154723725175446,0.21186817380116854,0.049328043467468205,0.06460336741167771
1.426470588235294,5.26102618500351,1.7210765191705986,41.19655687455331,179.46685096157273,1874.59081840934,433.3970625928447,1.2308388782494428,0.008041326253292375,0.034223671735551686,0.012116048241810867
1.4411764705882353,2.466514928186002,3.248903001058334,8.019751524267306,135.01725445320545,972.5931551917356,639.6485932097761,0.45808379678034866,0.022341652473250078,0.01300093861562412,0.00918331819162958
1.4558823529411764,1.6329112154770595,0.5010567735893379,29.454891529481532,24.44177792150949,385.9271000169413,110.94501275251409,0.03635407401584831,0.009395650345821691,0.0075418778909225135,0.0098714046125153
1.4705882352941175,2.149684272639896,1.358142748856317,38.30026156951314,87.8913251207957,302.9687640897552,12.535964002096533,0.04218820181761133,0.008110060437204119,0.01095350545399431,0.011793171535094665
1.4852941176470589,1.987673495864342,0.7862126753520093,71.58451887383842,9.129663053952559,269.009845829307,22.48500117846453,0.032258194942107805,0.005884665470272117,0.010683298611650002,0.012795980408643895
1.5,3.310533810089474,13.81734909398495,28.892696305213793,12.615925858222415,31.867683363327075,2.959981447736762,0.07410016432950507,0.014582764370292477,0.007220938459061806,0.012087721910480171
1.5147058823529411,1.442262423076423,3.5492857875042936,19.41331954439955,13.447563535303692,3.653852989902282,0.9218724495266654,0.33730315967661934,0.004364571716299086,0.006084405287400701,0.008685354300244157
1.5294117647058822,2.1753575255323474,1.1214797274465862,41.12210857566365,4.20901650795061,2.277395474713458,12.133184377074164,0.2748015738369404,0.009877784189286944,0.01005825244633722,0.006895060908564631
1.5441176470588234,3.268746379295737,0.3652806834541519,57.18349805848796,6.715637857026289,5.048133971378352,13.369056000190495,0.10302129870939514,0.006126833416341941,0.011110902544869069,0.003273756638674676
1.558823529411765,1.5668643260712158,2.631731287186333,22.722242740302352,6.873699099215148,11.22452353604399,5.648585978089576,0.0496590255154485,0.005236788094920241,0.0073194994314807384,0.009761704102268077
1.573529411764706,2.999616890071518,1.117557260376976,3.703949741121669,9.338917040950927,2.523788431584137,1.558648887441314,0.00847611440004937,0.010235102664837228,0.011324560466871633,0.007975452581801426
1.5882352941176472,3.4905739070680872,0.21888835826525443,2.4132460014510073,1.2257968390035936,0.646234944166649,0.20114333262448805,0.007708254953955052,0.0032941238055740596,0.008259605819576505,0.006225279419670897
1.6029411764705883,2.631708347121785,0.14175619687940555,3.9794613273087833,1.3936032523859867,0.20999948723210332,0.06525113643526237,0.0063506723795639305,0.005497232245643422,0.0038614885427571775,0.005331985529544706
1.6176470588235294,2.7693954369640306,0.3359317397401022,2.0782495373560748,0.8536898527641712,0.5130573351857413,0.042890387943230156,0.011613466106059185,0.007773083551200882,0.010422588367393232,0.005613290044102132
1.6323529411764706,1.7486998068168136,0.12619916901720812,0.19215297245401486,0.31937648572226957,0.6075107094127155,0.049022661003175,0.011279648494061986,0.008012834858058614,0.007870919307378089,0.003833790815783544
1.647058823529412,3.0476543220965144,0.03501855080814961,0.36248550346448344,0.18840275397332235,0.09196592389038755,0.09158159562877581,0.008236082447607805,0.007940000966389367,0.011488935879883443,0.008107400614615443
1.661764705882353,1.6506915717634592,0.10549516696972773,0.059398942426627084,0.08050357246892849,0.04542174027866784,0.13058201182908966,0.005088806379026079,0.011455374878790968,0.01254860916388289,0.007629892092667965
1.6764705882352942,5.335096882915895,0.046356551928860665,0.05610958162467264,0.06703691799252354,0.07762454338008035,0.041763394808574494,0.00937171293042565,0.01089171902554856,0.008489352960767095,0.01709685406965817
1.6911764705882353,1.9016159823249532,0.028537072793642138,0.054520415182065504,0.37376661255312843,0.020758148576477543,0.05154524239232519,0.006905698800428386,0.0093783420019222,0.011107634475703105,0.005818755186449934
1.7058823529411764,1.2094834736797284,0.06853625762764826,0.037592407292807745,0.1308843313053133,0.027492868882049375,0.053647182179182365,0.01805244476534871,0.00963368192907595,0.008107105458615628,0.0025937002260238745
1.7205882352941175,3.039983980606606,0.06970735180259723,0.05900616292083011,0.19656874136517283,0.024468070035644208,0.014117087810363043,0.00593595261560238,0.009694681724800801,0.007953683380311159,0.008437483331887855
1.7352941176470587,2.1433895340527864,0.09434732596290504,0.064055330535687,0.08247427732547687,0.013835622599156931,0.009673329052033167,0.01126751465377197,0.013051462811436411,0.009163288245629479,0.005552188205207644
1.75,1.917221125210682,0.08807676303640437,0.06201478726847059,0.06566570361202108,0.01457371008368468,0.010002153711683679,0.005869790503952362,0.021190775951502656,0.010659416160785758,0.006943830957156908
1.7647058823529411,5.0869299744098475,0.021805694386276574,0.04059146614199459,0.17100495845106917,0.009089149913860544,0.008274956087355735,0.008789470315525428,0.005911426128831823,0.008779933925240922,0.0062265324668107575
1.7794117647058822,3.8239138770460346,0.047522354227856764,0.03546656122733141,0.016878371647167725,0.009661432972140532,0.010636032574263404,0.009465474155650066,0.00578240554080487,0.007379512576367578,0.007548449037494465
1.7941176470588234,1.7602065146663874,0.06063098104524746,0.09335298492637359,0.18289592456857554,0.02387617105667752,0.00836549180662564,0.008564864013004799,0.011137425801859956,0.009470070665395866,0.012580992620330453
1.8088235294117645,1.1890597820625506,0.047704338645958556,0.0823618722488516,0.15386178092149774,0.01971884977813624,0.01005337675847216,0.009672071683535587,0.003546866859834321,0.004866912952804592,0.005473673774361336
1.8235294117647056,1.9554590315226308,0.050447268121414715,0.04019188753709477,0.08548158139408626,0.05940267315946981,0.015255319014490763,0.007967932894278523,0.009222740493109742,0.00481878914383449,0.006847313816840153
1.8382352941176472,2.651249380212647,0.07566634245876916,0.07769786884677721,0.08974426743010261,0.04391698010868451,0.02493644846231956,0.009865747536121,0.0068677036610257855,0.00919047864136075,0.0070600452672873164
1.8529411764705883,5.086181748595383,0.05265369397274688,0.08373477070867302,0.08548996588407416,0.03189291808005192,0.013756831695999127,0.008695708231895872,0.0037590667873151897,0.011323360304277708,0.0034854858732063032
1.8676470588235294,1.0956919758038588,0.06377260070555242,0.0902138896480134,0.13092038290099048,0.0550984978843418,0.012395574444881154,0.007664245162411507,0.0050099072447720334,0.007562006295391717,0.008130223199186798
1.8823529411764706,1.4497466061913,0.10900829221747049,0.20061461671457528,0.1405321957935069,0.04496317317439249,0.01820137956468621,0.004952381912055714,0.007584205411373873,0.010630693239204823,0.004141056069625724
1.8970588235294117,1.5698591797976873,0.1675558073682287,0.09155907010437161,0.08363429052998826,0.009578581180952802,0.015940639794027146,0.006242600226123809,0.009348620381987634,0.0032358134290630604,0.005201126012983294
1.9117647058823528,0.5521776654152077,0.08549992322978348,0.05230091199984106,0.05612452192622558,0.06827170973401256,0.005856141043369345,0.0038124213383288956,0.007915354659642361,0.004657001196462372,0.005794368735454724
1.926470588235294,0.8358337006670364,0.05050390912305381,0.041588613879817465,0.07197127788639085,0.023666545168719723,0.009818578740232614,0.006018069885937327,0.004196497656378687,0.010447681388148628,0.0034845434221879726
1.9411764705882355,1.2746571066489005,0.034286045131787596,0.06875646276893357,0.027391677470591153,0.06206032822800294,0.012963893313183138,0.004604149921325669,0.016870757210730468,0.005369675731722137,0.004844815268822597
1.9558823529411766,0.35930803550428714,0.04452886974249839,0.04559358036415978,0.05172709168280997,0.037792618167541356,0.007489722345023736,0.010045579972460687,0.007898545502868656,0.008252655515727174,0.010012735424042364
1.9705882352941178,3.105653584772198,0.10130142027687378,0.03298796486486448,0.07060876051965194,0.01682147093890321,0.011218130239923758,0.00874977425824043,0.008078035660731802,0.009649902964671657,0.005768299799524493
1.9852941176470589,1.1293637430317696,0.07820593414875444,0.03433475837340155,0.01762980913456685,0.030582693273679126,0.0049567273681227954,0.004929876705154629,0.006472540390041586,0.009722837396581595,0.0045436254109099935
2.0,2.737607629062583,0.05607776630786758,0.06547699805918428,0.023072643083622453,0.015146251899888278,0.011402740601414631,0.00917557747282468,0.008449405519459963,0.0062655524790091125,0.008464566777316832
2.014705882352941,3.1818127556471154,0.07422520529215727,0.013489169477739855,0.03391626167596031,0.020008978562089007,0.011446675602032497,0.010316794076822351,0.007894076486046252,0.0038124545178438657,0.007038298892580263
2.0294117647058822,0.9718974857444406,0.038585747490081444,0.04282239817545521,0.05170520547158417,0.014730498839288802,0.004532722901601055,0.007286514325738351,0.006896684196326517,0.006335042183773579,0.009859535179047663
2.0441176470588234,0.8782303700917644,0.03514690368222341,0.06488976117542783,0.058160968719937964,0.021750009749118764,0.006098269891534812,0.012388274815166106,0.0045987930837923146,0.003516956514562961,0.010647564806979563
2.0588235294117645,2.774752017246448,0.07098982651546407,0.04702522863867532,0.07398749403760672,0.008699946355759311,0.015862457877963202,0.006366454208903837,0.00619324977990973,0.004775975449315233,0.013239394267841358
2.0735294117647056,2.0027223575014834,0.09242462427682935,0.04550893128920045,0.03705464702169667,0.008058341123278105,0.007464749042379147,0.007379281363846682,0.0071746206955926595,0.009250239044535254,0.006182206764431189
2.0882352941176467,0.8628987856138045,0.05348183919071452,0.0816018700414948,0.01732253068708648,0.01401947108706288,0.014199447544131372,0.004717956731412366,0.011620896254629734,0.00852827353784182,0.009306611507267176
2.102941176470588,2.8124525534789604,0.08002272206880273,0.06507618184350933,0.022531972498646965,0.0041603472464570085,0.009063884852161318,0.010985192211429684,0.006637986904563769,0.003639385851326739,0.004610524498520143
2.117647058823529,1.7055993951880617,0.061797972185449884,0.04349059835527112,0.09920776477664228,0.0075211392757688475,0.008759559458877278,0.003826002145448491,0.0030972073035068015,0.007991211111948619,0.006719030726975307
2.1323529411764706,2.469891472294498,0.032209539137709756,0.06298788083011882,0.04304347668689423,0.017239948555080518,0.00891854121909895,0.004779300439377614,0.0102698588761067,0.01183791213972659,0.004750614771748074
2.1470588235294117,2.501319764645109,0.02778608073019701,0.06822140652900105,0.03739586175316931,0.014712568820900452,0.008342938241001727,0.003277395671857454,0.007407154576812779,0.010106927672289543,0.008681535345738114
2.161764705882353,2.388771111419754,0.04533545674247141,0.07615077830168482,0.02510851849399901,0.0218487342451392,0.015514301490392296,0.012530397459203771,0.007789320101885398,0.007947086049574666,0.007787833231113168
2.176470588235294,1.464204800910615,0.0578031112532429,0.047468980719647294,0.02733705413862933,0.024398166442928276,0.023922744336047352,0.007221952407487561,0.004801544753386015,0.007354945018863098,0.008256704757547275
2.191176470588235,1.6430297154785098,0.03056707745263633,0.0301861787789962,0.026927949898492322,0.01214559485400947,0.03223411367170878,0.010163441713705887,0.007729049586916411,0.008520161132286416,0.011785360016566226
2.205882352941176,1.9437552267314824,0.0631090181163883,0.08601228678089538,0.02271465187463312,0.010943969158917587,0.007558197110270048,0.012794204767449037,0.007486357558727724,0.006751649273696861,0.008163333030828125
2.2205882352941178,3.4919409123303167,0.08375849047442946,0.03591335559376224,0.01495320950602815,0.017157325375143164,0.008956887104349902,0.003493821102227151,0.008460346202735192,0.006600127583465527,0.005426848733438616
2.235294117647059,5.8215746075632415,0.06736817023336095,0.03907198754884293,0.03540040694213147,0.01690497316904885,0.00615825899997596,0.004167102740351443,0.0060972525963290305,0.006390192059807047,0.008086341657434081
2.25,3.225919668505056,0.04413785046864043,0.012919082319223611,0.022181059694910323,0.007062801954665745,0.011066061015378062,0.006311072050371456,0.00961188681574842,0.008385356479713748,0.0081815191094119
2.264705882352941,4.384931722889289,0.049303155006776504,0.050506858131636884,0.020471551761248097,0.00735874478656212,0.011555899644704534,0.004486616350400659,0.006720355323606271,0.00839384695300637,0.004139750404437104
2.2794117647058822,2.94778525280978,0.06411909387950715,0.06562472222188939,0.02080730369286211,0.014272630200731235,0.0032198093633919074,0.006340604871430226,0.006024397863686045,0.005455597840076475,0.006211900972261221
2.2941176470588234,1.3236944587890493,0.02927554379869293,0.04417631335003097,0.020341113039965178,0.006314013511840183,0.011405934386873212,0.010345121161779339,0.003345890548326149,0.00413155944581128,0.01359084186390198
2.308823529411765,1.3846299959972832,0.04810421502245865,0.03470525642001995,0.022767287560229766,0.006926080602652801,0.006152886044677189,0.012966702447924883,0.009260575903737474,0.007132306713447797,0.004833246026031773
2.323529411764706,1.212550898604978,0.026020069179753465,0.01982552543148455,0.03015394139074292,0.003932567532166242,0.0063373480656960645,0.00786026026614628,0.010339554040978876,0.006952965771351362,0.01154452447784646
2.338235294117647,1.8367558426223778,0.05569095737611038,0.04932498669611376,0.017146987091765837,0.016171440250530654,0.00653425326709489,0.0219992657046238,0.009095569687159506,0.00882336398727768,0.013764373697878564
2.3529411764705883,5.845651537336135,0.03815595207484046,0.029420719224309975,0.044065901963637355,0.014828399416546774,0.008287081569097746,0.006827958044347316,0.009595596520353612,0.010957830233215789,0.004308066088029168
2.3676470588235294,5.468627414395775,0.04455446664661935,0.06913038143413944,0.035643246952994215,0.011557522210356554,0.003596823819630384,0.006683457264208747,0.011503790229787036,0.013063845217241422,0.006114520667280823
2.3823529411764706,1.302271687660988,0.1601728048973825,0.03462348814679359,0.03268675359430812,0.006316900586798402,0.011320207960206406,0.006375218116787566,0.005698819886001889,0.008623111501757935,0.005987948871440892
2.3970588235294117,2.5509916276677824,0.08382274207545068,0.053003270918926995,0.027160119337627346,0.008641179773743183,0.0077761119133183615,0.006844232936613796,0.010247338320697318,0.013700867124166445,0.0071047347084327046
2.4117647058823533,1.2361836653524727,0.05012975213153084,0.032576323414909285,0.02701263386738183,0.008439062847309832,0.01468870026565908,0.00533665577505977,0.013637064471206526,0.0032492073173419336,0.005794325632128725
2.4264705882352944,4.265119411714333,0.07909158904240297,0.03611278133145526,0.02163439677860783,0.01251879526557173,0.019488984705310325,0.012199634775998228,0.010032160306210115,0.006761812144924511,0.005147616800878864
2.4411764705882355,0.9266096824183375,0.014887779409352184,0.012983720084846226,0.010407675669713314,0.011726555407175408,0.010117492231268977,0.007871094706213177,0.005622287393657177,0.01095576087114367,0.007987514245849633
2.4558823529411766,2.0914419636430117,0.03931592074106227,0.049001383004079226,0.010494921673533357,0.0038022373233280544,0.008658925936074919,0.004975534149868347,0.004888638685519217,0.004796604715045349,0.0065433850162899005
2.4705882352941178,6.930334166860252,0.074945993499283,0.027307203991705255,0.030936759439790927,0.00942073963355745,0.014151784756990304,0.005228821192362216,0.0034073457272257458,0.0066480273103372975,0.01082702579001522
2.485294117647059,3.308982946260373,0.04510905146511797,0.03824532780638301,0.013763178574129144,0.009413117429400358,0.0067403281337261815,0.009574200708340377,0.00854478633669428,0.013061903012827693,0.004669887017946513
2.5,1.6795850826802592,0.07082263768362954,0.0485080808414469,0.02218724063101584,0.006611183010550114,0.004658682508371085,0.009019270761251471,0.008387115434300346,0.009307157630206283,0.004057005569869791
2.514705882352941,2.8361115046480605,0.04568456266985528,0.016796358386326177,0.02386546971960133,0.010098462865448077,0.006676089829337895,0.006228263974630317,0.007807300221935091,0.004657465686383102,0.009608281693073808
2.5294117647058822,0.5159717834049925,0.07659239143125429,0.014869989407111737,0.008919013455145664,0.008405861794261352,0.009104162598683302,0.011771739638690278,0.009707662397719648,0.007539009808177122,0.004319243409699608
2.5441176470588234,1.3151091756109614,0.07964281922271053,0.03633603843791294,0.04904334708118439,0.006116646345789905,0.006187910048149159,0.00868704225341942,0.006531235629017946,0.007190563445430346,0.006309454756835291
2.5588235294117645,4.242822165576752,0.0676196634385784,0.010333803845208381,0.010195938147295025,0.008893208736695163,0.01317371212040835,0.007451848878186656,0.0058973916643342405,0.008685331350704217,0.010422347685651557
2.5735294117647056,4.349837570726859,0.05681233950255156,0.04650009228522934,0.022009440267543215,0.006282124299560703,0.01411613349289538,0.006497783879967582,0.01530683588968785,0.009990595361520737,0.00800496385997717
2.588235294117647,2.269884405368355,0.05993188129055131,0.01565204974301945,0.04950850076944996,0.008738836496749825,0.004238757016685701,0.007629268710150178,0.009321672775992527,0.008020010962012871,0.007358231902655654
2.6029411764705883,5.700327362904983,0.023242422184418268,0.02305711108005038,0.03458280309767971,0.010162259509313407,0.013489010457189343,0.007410133900616903,0.006731571791729824,0.0056970778910052046,0.011362817645272914
2.6176470588235294,5.2953628576856175,0.036030400876255655,0.04599392553324803,0.021604955475927362,0.009161460474774724,0.013083062735678903,0.006719237852556572,0.00886613121210525,0.00899850426916497,0.010888359395515551
2.6323529411764706,0.9843345029341823,0.04798220121552346,0.05320489944831192,0.03155067825916307,0.009043464668662089,0.008112179525241611,0.008950866109943487,0.011572421261573968,0.007350892853129595,0.007913102053942932
2.6470588235294117,1.4212383322904127,0.06091908133385507,0.005337716805403065,0.03242857293378787,0.0110719760480558,0.010583886187660594,0.004782490198764075,0.009587331172119769,0.005986283260923311,0.006479088424543109
2.661764705882353,2.475650801331823,0.06314384738625177,0.029221182437445713,0.050608720911790216,0.026264926738647262,0.008588442788209326,0.005110915809440328,0.008037857807695628,0.006602656157858338,0.005201857880018795
2.676470588235294,3.9581707130338675,0.0498574507182367,0.01368198398755725,0.02085558031003933,0.011910566705677158,0.008862027787312808,0.006716513424040806,0.0077635867553572605,0.008579783802164441,0.007377126661219006
2.6911764705882355,9.157235886773782,0.076783741336836,0.028400331369142162,0.04456419783039102,0.02352326200908086,0.004209562760492887,0.008412869955304084,0.006779236470650407,0.010167253716951409,0.006955050805591606
2.7058823529411766,2.369055194572345,0.04838583594761538,0.027029329699065772,0.011025244827469433,0.010521506887980205,0.007576299323751003,0.009203132457220225,0.007663411310781709,0.008106638428311636,0.009462091120906532
2.7205882352941178,1.6118866998453059,0.03001777841872408,0.029686820880822678,0.01264119253754306,0.007077373453160557,0.014696503605293025,0.006889664135065832,0.005645900844182038,0.010342924471909314,0.00935189021830137
2.735294117647059,2.3263674534858287,0.05115647935275966,0.025018765223001258,0.015567164063631764,0.005857016011773392,0.01180831084337691,0.013982356125626686,0.008453292724147778,0.007442653241890563,0.006390313069203333
2.75,1.329628324050903,0.10617078722465738,0.018924341056744027,0.0245653550363369,0.008957304215846583,0.011148008438135043,0.007309963801514687,0.01265517903141815,0.004266998473768292,0.007748429722954859
2.764705882352941,1.6795461311116358,0.0803583496005662,0.0272573103189808,0.024430542922169264,0.004991486479032208,0.010929843051670881,0.01449081069679571,0.0031205465394985293,0.0034459945431643945,0.003942799026953492
2.7794117647058822,2.091387920225575,0.02937381882110699,0.047619102897831306,0.03628147189468794,0.004520304766696221,0.007553266328515086,0.008087245459119981,0.008997951932067722,0.005232782285756346,0.010808205231334649
2.7941176470588234,1.858126750771199,0.04693242076091253,0.045461952770413906,0.07437716121908529,0.0118767380787391,0.006526220846209442,0.008633828252971112,0.009768611907353689,0.002319771987321807,0.007230693367258031
2.8088235294117645,1.696300031261605,0.03120499327866266,0.07335091302444387,0.19285549953145797,0.01321619864916286,0.010284247678634856,0.018575904605153154,0.007288893002652745,0.0067281983423704336,0.003234220506880231
2.8235294117647056,2.6896090235736807,0.028582440538097144,0.08858383269494349,0.07306232047347833,0.008669208513692314,0.008030447543815954,0.010011592917065215,0.011177386216417867,0.005711805349844442,0.009500200844211689
2.8382352941176467,2.1703293456434447,0.06748110600119644,0.04647075795891538,0.031983775193359675,0.00808240093493936,0.0044645954658585904,0.011008967774685335,0.011000650586422344,0.012290447798172323,0.009825910666683533
2.852941176470588,1.880497118609456,0.08746490166391585,0.01956872276407192,0.02383303183155208,0.0258260731420136,0.01438408223030525,0.009599700116862363,0.009355835037323885,0.012432487517031682,0.007680041911705751
2.867647058823529,0.7326531524528054,0.042556849682096456,0.038703667300868966,0.09791309583371614,0.01690192688616326,0.007129194321469835,0.00525302767823681,0.004062019865936947,0.005828256852358202,0.003798381186391339
2.8823529411764706,2.6085722457649445,0.06018692682227325,0.038313133731166425,0.0974675267099797,0.015286753596913252,0.01397012777986228,0.006461175920415893,0.008025769995806124,0.0076453405683367965,0.010362583804991443
2.8970588235294117,4.489601564828096,0.08455637315423818,0.023879053202727464,0.07726426109079551,0.014938740447431747,0.013633512677854863,0.004276477367015197,0.009567448184663405,0.00827070267423078,0.01443000436597785
2.911764705882353,1.5948921997990406,0.0677920995872569,0.049908432840609696,0.026639725274419414,0.01085516992892771,0.01062114558181034,0.009533981401920456,0.009157166995245923,0.012122490224406871,0.012170336544147647
2.926470588235294,1.8105124714036127,0.07160705218670249,0.011577801835304062,0.0460313201912263,0.019949964201601934,0.008246511480372087,0.009459391987627316,0.007018306962053466,0.002719745687830501,0.009523863103339466
2.941176470588235,3.9987768289052337,0.09285109016009666,0.022082207067115556,0.04326201250741689,0.014530124247684127,0.00577352581789033,0.006982632949709088,0.005145483599281121,0.008029318063185579,0.005501765284901537
2.955882352941176,4.547998625909373,0.0811201098508764,0.03513631425990042,0.03581185818441755,0.010233339499530437,0.010325323571044953,0.0067565180071907415,0.005742089090298325,0.007133826685946176,0.008089376092731556
2.9705882352941178,2.6223154173495167,0.074280086078755,0.04066684678553908,0.028831817459837886,0.009442464075391689,0.00785646814301148,0.007557540474579932,0.005079002581564176,0.004426455422844899,0.011753530209311889
2.985294117647059,2.290592313830228,0.050061222442443765,0.01825549478356267,0.01588054692790877,0.009142869736390894,0.008405573934781913,0.012305486895060372,0.005476150043145516,0.003295880384439006,0.004239250130284933
3.0,3.1954647881832208,0.03409745091764539,0.028579027935579197,0.02498748872826567,0.017092557055498406,0.012307415816321943,0.006674296104905498,0.005651431610403027,0.003655915141914533,0.005802883617842373
3.014705882352941,2.7836331874661076,0.02651330245686917,0.03466174599422735,0.049390694417565044,0.02128626841500187,0.00392932136917465,0.014727580505818627,0.006390514595360126,0.00833522640834244,0.008551204738897027
3.0294117647058822,2.686742100765256,0.09595231106664331,0.12611244812099073,0.3859038187952447,0.009420429602509417,0.014247555138357416,0.012870602299210911,0.0038175428453790837,0.007704776912056278,0.0050669326853364305
3.0441176470588234,2.9324093039857484,0.09107946496582023,0.045104268314207746,0.15395181008305614,0.013839609832360437,0.013237182425015988,0.009438923292597604,0.00509174072912132,0.0039456176155584855,0.005476594725822216
3.0588235294117645,1.7037132077073542,0.08246344176574812,0.05021649045565374,0.06064146699048385,0.01946779857976073,0.0075126365250772495,0.004734356183613566,0.014876051748310831,0.005817663282879801,0.005944040661936533
3.0735294117647056,1.4727268899065673,0.06611202430324412,0.04791670065601561,0.4815189916471392,0.014708593365133004,0.00445135424327989,0.012895870327382151,0.005859977073965966,0.005396641729808035,0.0071476943911350024
3.0882352941176467,3.928775674991103,0.048242343146543076,0.13135594988802263,0.16210540022467979,0.019909180261472217,0.013645872333401256,0.009485633633585929,0.005162745946547037,0.010687141824929379,0.005841770160984824
3.102941176470588,1.783257500839312,0.05966086049650639,0.10607240920165273,0.2695864652770822,0.02655432067833895,0.010169651491735562,0.008059594321447872,0.011963342461477781,0.004673490434772187,0.006270987824548557
3.11764705882353,5.013120006244732,0.06390160797110464,0.06157862024352512,0.07655239912060265,0.04595792542516388,0.009565315936842268,0.0054837494894967986,0.00869609638675681,0.003689769020629857,0.008091367148801282
3.132352941176471,4.376102926002256,0.03417500543594605,0.0475470975362616,0.04584403912627778,0.013815342371459741,0.011280370863536893,0.01628866775921181,0.008319300309534,0.007589143582900989,0.0035298729049713633
3.147058823529412,2.0679225191680923,0.04451302849039397,0.06066877553252062,0.04463838428649452,0.010898715907086652,0.010154459052372295,0.011501382257108981,0.005592206500933844,0.005688168087303157,0.005273033521303822
3.1617647058823533,3.569854426678092,0.02725315131155281,0.050791589528749015,0.03400847822550094,0.010057103633927367,0.004513936946406454,0.006265661267433024,0.006350127329404659,0.012324641805146782,0.005213367718782683
3.1764705882352944,3.3945438138145585,0.03189680003467489,0.07037574519145356,0.013957255617098645,0.014151113517935774,0.011854723160882106,0.007264058663014767,0.009089514820563397,0.01197418304895078,0.0031185630653551865
3.1911764705882355,2.196299214375186,0.05525600983424843,0.05695926929456654,0.085604839705274,0.011932311150857255,0.009690012999321538,0.007591272751254466,0.010944415951857647,0.004867063502184009,0.0064639004123119344
3.2058823529411766,2.1721196637655713,0.047820189855352316,0.01689034509643666,0.014835642498845288,0.011296026481137162,0.019099520805509633,0.007700011885562369,0.0072974127244382035,0.010041493083985662,0.006362763686213111
3.2205882352941178,2.9604627883812142,0.035248064343705116,0.03557675022417557,0.027616177410238578,0.02816329026209026,0.010601028697546694,0.008053125219956605,0.006586436932991659,0.010778543786217011,0.0029798317967932794
3.235294117647059,1.6725820398670521,0.0639337954193985,0.024445049908983087,0.02458069373781783,0.015807142868046454,0.010985310396878549,0.00579901650484471,0.012412280417336777,0.010452139731112541,0.002994773994257907
3.25,1.125267248440075,0.046031655119993964,0.02599797214626869,0.01477660799714963,0.017672601275133853,0.007766826952208526,0.007611890574234043,0.0068769248628670395,0.00515687320451288,0.0048075737784896875
3.264705882352941,2.7187412535587416,0.09139920089969975,0.026504493258767275,0.03468068454594607,0.010059752349287073,0.011383185199713694,0.008166765521878349,0.0068421373520832635,0.00872396086103068,0.008456627922230273
3.2794117647058822,1.9726892141333054,0.03156069456129185,0.029087453592611244,0.0271718783838012,0.01709429599618914,0.011026577158795122,0.005261065354436069,0.005387869415789002,0.004766223553711435,0.007027928538107586
3.294117647058824,2.8073364720384215,0.02488657654013013,0.02628192439958615,0.01869240684808629,0.010773191034864581,0.005897423423386701,0.012267132662774672,0.012451278582086663,0.0024924754102257575,0.008190688148106348
3.308823529411765,0.9857589170734937,0.07165302873934613,0.08212255544935074,0.021886574599697253,0.0061937357765398954,0.009506976562707055,0.0076778535953873905,0.0039047310347754475,0.004976154553686324,0.01202027275766294
3.323529411764706,3.113572391570347,0.06741747141577488,0.027624430871512912,0.028734139607355783,0.005894693038291491,0.011820258484205015,0.005018327675523052,0.011358584671060068,0.008041140387981835,0.00916092444859849
3.338235294117647,2.153283564114306,0.03136122503881404,0.04647637452925324,0.049027714891174475,0.01746970046323988,0.005814531323200001,0.009752596593811686,0.0049872008105597545,0.007500969714791962,0.010555598212622301
3.3529411764705883,1.7622761760690158,0.06512436962856069,0.044544492856782386,0.02126544464016665,0.022965975548724052,0.008127741642375,0.005737969877863306,0.005021512513558205,0.011390680838151087,0.010488326242045192
3.3676470588235294,2.7659722873705626,0.05486951671660214,0.04904454114881829,0.05802075174280658,0.010343787843807942,0.010482477964830712,0.01080426806053962,0.007502324284979054,0.014350140241323646,0.007978626809438259
3.3823529411764706,2.5199061794683186,0.04265203165508335,0.0474052115990187,0.03187455980923021,0.012592149786862187,0.0057135426286531255,0.009083071172815822,0.00857317898058979,0.0066720999311441894,0.008075738035481981
3.3970588235294117,3.3904559292752863,0.1129410383608502,0.04663539053111579,0.0750394306356494,0.010564953129431561,0.009132467921538866,0.01766209686699389,0.0069110050989512565,0.004178528405609978,0.006591308509094403
3.411764705882353,4.3925419703779,0.03218190152929927,0.08946678713555162,0.09948657551640044,0.014413589575200655,0.013635567001170863,0.005034768771812776,0.011080847092033087,0.011821491703778431,0.009088133719631094
3.426470588235294,2.386064904814809,0.04884683113438227,0.03355400490241564,0.028252605366149337,0.026681112215289075,0.007116391187992055,0.014038421471199852,0.006981532813879338,0.012757114805132443,0.0068861786750901545
3.441176470588235,3.464761298217005,0.04135395696458484,0.022780772930555027,0.02149078484511039,0.019209932022223982,0.010891370043331901,0.005036488636322898,0.007935494753787794,0.003348136541621399,0.009827101968635983
3.455882352941176,8.142890470710164,0.05219069349760533,0.027932861698717528,0.046605504080458465,0.007686999241251021,0.011532956995290475,0.01155461883180061,0.009474648347095998,0.004452548597037484,0.006989080939397718
3.4705882352941173,3.005431548044717,0.016110645091239106,0.05910518526189671,0.02123894716311538,0.0178353960935063,0.005900748904848957,0.009583962180525082,0.007804745970280011,0.005002021985222071,0.007494884004172131
3.485294117647059,1.6665234740072594,0.07430368943255267,0.082203406238482,0.029905237391445995,0.011380054985237099,0.007399128650699863,0.0063886938352447735,0.01042352962553776,0.005579461234618643,0.0069848244711749235
3.5,1.374598834441115,0.09527535142215426,0.024303987457479866,0.02192142479643669,0.013872053349538933,0.01497813360822288,0.005508253077426323,0.006979193760639159,0.004651585288570385,0.0044030937529531255
3.514705882352941,1.0228703167125208,0.032754229216908216,0.055590522398629105,0.03219970792511807,0.005629732771667826,0.012075337608199585,0.010919933897696608,0.006875212636545984,0.008757313432290269,0.008367971169159006
3.5294117647058822,5.02091504897956,0.04809892255995962,0.040390539913396716,0.11624202499283749,0.012915155243726377,0.003950947611478419,0.0055503538237295265,0.008046220355863495,0.004133936693871364,0.0044345613622940325
3.5441176470588234,1.6616247774337103,0.06502701603067422,0.04992616731927216,0.08099033034608026,0.008562124858653503,0.012079290881221382,0.005537674082719309,0.006280981250185725,0.0071463845375842605,0.0061112919900353745
3.5588235294117645,8.708665911751247,0.08792450597608732,0.02114469447018929,0.030254152755155958,0.01373641513980545,0.011093215803200277,0.004958695334444378,0.007103038013032403,0.006245681690153677,0.0037116395019817614
3.5735294117647056,1.5837867258679028,0.033615503469584244,0.02090293497642785,0.03403901622294837,0.016225343447241664,0.005321360477793765,0.010343585855495182,0.005116720354441327,0.014191792635334247,0.014264675019515763
3.5882352941176467,1.506608717927802,0.04323363542716131,0.04996790191711334,0.02688470891704746,0.01504661823737307,0.011445002759380913,0.005659803209054033,0.002663442123298334,0.004267343407064205,0.01567167264666798
3.602941176470588,3.6628820274187177,0.04780558301040433,0.052086212776581924,0.026319549683476936,0.01218305895752185,0.010835297705425715,0.006122056155432247,0.008377930954425683,0.009741194854356955,0.00867094144577665
3.617647058823529,2.533086637189923,0.07781416008433298,0.06667168306051766,0.029927463568169457,0.034991453502314716,0.009929710398650728,0.006803249796526287,0.006443265130833813,0.004898772596115947,0.009198768036976503
3.63235294117647,0.918677668538413,0.08345320234840659,0.06715264253618167,0.030008399945879196,0.01203556170733904,0.017191762712116726,0.010288588553950723,0.005063863654274919,0.010211218255139256,0.006046719155154034
3.6470588235294112,1.465532406485814,0.08822852698888194,0.04593795750974677,0.016027215924570418,0.01623929942665542,0.009730372467600643,0.011077332946662685,0.012318306479047868,0.00652284744869458,0.009731752332372222
3.6617647058823524,3.9655065922535684,0.09081564556819743,0.08996169894198788,0.10310724165626207,0.015665120491596046,0.006281123989817879,0.0067209275809034675,0.008611613712916777,0.00673256056780683,0.007611867201455733
3.6764705882352944,2.4708016566116155,0.03741773240390657,0.03137304303996101,0.12501183756940937,0.007379741371000738,0.013243896513836834,0.017928541146776614,0.009007259419809984,0.008117396483852415,0.005739293708799538
3.6911764705882355,2.2011918337745446,0.040111342584794776,0.03012131735943705,0.021753142370237195,0.016498260421303028,0.007811087213270366,0.007364596831739335,0.006029084609562782,0.006244109084928117,0.01273322509199698
3.7058823529411766,1.3177878203364997,0.06392148791042382,0.03511456989466902,0.02517378884282623,0.007444791538691377,0.003995964561124704,0.00539567287124814,0.009804816619272023,0.006723474867098011,0.003103409868741506
3.7205882352941178,4.811550139026157,0.06539582447003166,0.07503708251616273,0.028848087571275206,0.021133355317661324,0.0065917538820169045,0.009959165224052529,0.006268743790130704,0.01014883742811688,0.01221392658777282
3.735294117647059,4.276144837109274,0.08487457559598427,0.04271786007282075,0.02983182052108512,0.02010485046106381,0.011017513609135643,0.00407621940859646,0.006365516263248364,0.00930250071758572,0.007259462158203813
3.75,2.810269318451791,0.03465301024476476,0.02594804110991474,0.026400252119937656,0.013905352512651072,0.011755191480433122,0.007902031318707087,0.0049769864816246664,0.012559245335268334,0.007913875612731129
3.764705882352941,2.6859095864334477,0.053879625569813676,0.03458221494996826,0.06499933086262706,0.022710961909067358,0.015986565493341022,0.011114454051004233,0.008511196568190573,0.004229113669130927,0.006448468295502793
3.7794117647058822,1.0067836260586305,0.06128261519938767,0.05638896398655216,0.03530440518777835,0.012091282697623992,0.007691078297308321,0.009687536840013014,0.005269423150742887,0.009854284900265974,0.008798445109229586
3.7941176470588234,1.6059461579385903,0.11717794365753448,0.05362604320913868,0.07607509828579063,0.018338691435283445,0.00936846466650399,0.00537439077860753,0.009383265735691336,0.004904271037314833,0.009486452029363237
3.8088235294117645,2.9084401747894897,0.06918046770184677,0.02937252003268415,0.06300424312296113,0.021159400367449933,0.005469546513331071,0.01135373740980005,0.009258016386828024,0.005723645938584022,0.0058489698939890415
3.8235294117647056,3.387710963188302,0.046261484763427396,0.047346307941206506,0.04270406588494443,0.02241969367810278,0.00914932872407927,0.012723284669397216,0.010714778703683217,0.003916330053812729,0.005288195674125656
3.8382352941176467,4.68054113046203,0.1332222449124393,0.04785786388874263,0.049214824617892505,0.0098149482917838,0.009956341970127076,0.01194731690046682,0.011907947085772167,0.004047335777356588,0.016484867329509826
3.852941176470588,1.9895221176373805,0.06451315987615605,0.04995004827997422,0.05328608627773593,0.012062002645885597,0.005675864347795115,0.00786489535906852,0.007765968253370342,0.00815893400836092,0.009273649467161835
3.86764705882353,1.8322346907220481,0.05398280796956107,0.039960084607858215,0.054175632617209375,0.01145524070295161,0.011761710850665345,0.004715285969148607,0.007198537263450565,0.009186188528266663,0.009401888155773705
3.882352941176471,1.5762471059987249,0.06067116768015261,0.029675944637645016,0.024525309476444275,0.008720002848010527,0.009191146840441033,0.011045118823847648,0.01023999059800309,0.008444914106164863,0.010437044987487092
3.897058823529412,1.7565614423715104,0.08032393493125707,0.021354672141080114,0.035608648827337,0.009943756638791268,0.009519595973368617,0.0062984457925270975,0.005687268760193865,0.005418375570494327,0.0022471981368512176
3.9117647058823533,1.565453020093987,0.06979744088285351,0.024491971942181952,0.03689261724378749,0.01843175796462994,0.013694163845964039,0.012528313325525451,0.01075434497331281,0.00895167511469671,0.00487424724611786
3.9264705882352944,3.1201332931241073,0.08387823965261479,0.07726738300476851,0.05000141684702254,0.01453170543066619,0.008382177516682443,0.010859697465771659,0.005492246329351169,0.008923706267379618,0.00253210061966525
3.9411764705882355,3.7565998180846814,0.07866494928825774,0.038093934306896476,0.0598456330152019,0.009152581348324671,0.005086084712800783,0.012165099223714875,0.010089016913737623,0.010004194734253785,0.003600645148208529
3.9558823529411766,2.4750376836689694,0.040117993715722444,0.03158891089626065,0.11447918830077645,0.008328555879123976,0.012061082833008921,0.007098242696296617,0.007658433428290864,0.0045738541649611945,0.006216201670479717
3.9705882352941178,2.116503512999586,0.040522866192429265,0.04423576438410602,0.4964981784244301,0.01613555571716351,0.009313676617951384,0.006833895458917212,0.0096852408698032,0.012242439011102207,0.003964740149750892
3.985294117647059,5.665462815062873,0.12282919624173454,0.0634789691509341,0.19442713526358804,0.027978768827145766,0.0058301387404228605,0.004200062294406263,0.008338387564776829,0.004683838974790226,0.010437404637410427
4.0,2.003106204697237,0.03575537526082577,0.05630588673372515,0.13326012779395574,0.054721421656816524,0.00881155497998852,0.004589653723569843,0.005463631797091846,0.007495777220560515,0.009763079940425402
4.014705882352941,3.1442476693962833,0.03390124456445298,0.021356920499986328,0.025306202188346665,0.01178561083539046,0.009604476948334637,0.007366354264830569,0.0025239271024240307,0.007334561151348343,0.01159872768818619
4.029411764705882,1.2466529510495719,0.05860223453033937,0.027881567255401907,0.011684206880708281,0.013135997587818986,0.008721757136326561,0.011128139671913504,0.005400616024719428,0.009176270199132749,0.015755674604715948
4.044117647058823,3.2937140140109418,0.06488053781881552,0.03578538402577966,0.018253569928060275,0.02317497474857843,0.010365319639643811,0.010609032081766672,0.005143621238763432,0.006966290900529208,0.0051290285813119845
4.0588235294117645,1.0379164325035866,0.10118936404888039,0.046542552613713026,0.02218116224828667,0.013286172506272096,0.013875458682177665,0.010851836020976814,0.006750461909705499,0.01266009567104032,0.007248421873514932
4.0735294117647065,1.4250880288443746,0.06293940357984479,0.042936022032978076,0.03651646896721691,0.023350989666372172,0.010812847389872477,0.006995008315280802,0.006786332485823473,0.008553307823668173,0.00691671333450777
4.088235294117647,1.6815629638488365,0.10682555815066766,0.15713112463408818,0.030610045669312816,0.02037138349827547,0.008485799279099458,0.004793909383787942,0.01350111638357722,0.011835744045377485,0.008833557010766904
4.102941176470589,1.9830332924462668,0.030209612309312937,0.3900273446499012,0.11264517019321481,0.01558306400393708,0.008556426484222295,0.005668080184493986,0.009153987906941228,0.01058695907654874,0.005173595702992034
4.117647058823529,3.061127337940574,0.08035655738904256,0.19058076759985212,1.1694844692639144,0.02469714271576992,0.016249006442577072,0.005106156493199803,0.005344116112967383,0.006161832209442359,0.005267817937809034
4.132352941176471,1.7522061261741164,0.11999208656356831,0.4509912297131525,10.437733471787524,0.030633762365671,0.012315287011300038,0.004934206660149976,0.010277984030611542,0.009323587114656806,0.015629710693272205
4.147058823529411,2.8410808114347756,0.029818674054921515,0.5106951698878345,46.56980063797385,0.27735275760463607,0.02966072750848909,0.006208560708512109,0.00969640863128186,0.011233999258290757,0.008658775873157835
4.161764705882353,2.213079174082153,0.03768865934100925,0.22276251254351476,15.625356955338077,1.096870534174132,0.03416132780770938,0.013477995367913224,0.005378294410837633,0.004880464582233505,0.00837769923040587
4.1764705882352935,3.357447643173111,0.062159958037364425,0.2010929701173889,7.314637294481171,0.4762334162832306,0.009491744494794974,0.0027006377548172136,0.005903749657875386,0.006269125734339416,0.011423898615840956
4.1911764705882355,3.594443098192732,0.0619678985601847,0.0780873295197333,0.25360846283046556,1.3056191327612272,0.04263660517757426,0.005745871257512662,0.006392435112081315,0.00979639723054981,0.009113719608057756
4.205882352941176,1.8610008153367241,0.05913702098692168,0.21526250799480173,0.518361355792862,75.43609587101798,1.9618014517065303,0.01331847686331158,0.019850674688796654,0.005981325077264056,0.005071051037439581
4.220588235294118,2.4944055480248406,0.12276836747288022,0.13242585730839476,0.24600358534719322,248.64457568784934,182.97626520156967,0.02279659302405268,0.010424853213132752,0.0034051273801538906,0.0038240379192815135
4.235294117647058,2.572751640606596,0.11463472984136018,0.10491494014069891,0.3576220719357065,15.384990677045835,184.63525549249613,0.10602333073564778,0.0074289677161548376,0.009592150082973873,0.002376754068671566
4.25,1.894052688333091,0.0843028472486201,0.07324034961206716,0.10868183911438686,10.304008886372783,816.5638877710207,8.782617223203838,0.00826512510517954,0.005985585032889148,0.003614951348775367
4.264705882352941,1.90295227768205,0.08768559025856484,0.340214666154171,0.3345032931378311,3.6824376891662363,1715.9590323834773,387.30654707509245,0.039357942478811844,0.006173415951658625,0.004013975309932453
4.279411764705882,2.0832029583505998,0.1029576139008043,0.510583478998939,0.19180185179953685,0.7469734875377393,40.956769248811796,522.355147202221,0.5354882420249434,0.006951145278466407,0.005505829787115646
4.294117647058823,3.372136619002028,0.13109919697856398,0.747693834299556,2.5405864060785075,3.256524886455134,5.651633713453256,163.81294604975164,35.71519203394988,0.010258993921521107,0.00882246487138406
4.3088235294117645,2.257768968009229,0.08083326048939185,0.47384085202569237,5.216489726568352,1.6174560371872744,2.747250053591855,41.65084701316406,202.358102568809,0.014424997318687632,0.00782081611687781
4.323529411764706,1.8097933873778156,0.08712569881808767,0.3484737509932515,1.1548446110101378,0.4287445937667138,0.15654068991368597,2.962870291787716,82.439223631969,0.008399802058978757,0.008897447040736764
4.338235294117647,3.74733486522703,0.09453683528940532,0.5110573028647447,1.5736301853169399,0.19612550023688494,0.10896949192786916,2.6235876714983197,3.434574049632533,0.012490568748943326,0.024903328471156415
4.352941176470588,2.8737390045559046,0.07435505440170947,0.44306551619907686,1.7518594297840326,0.0692335467209937,0.02045156636094287,0.35683961666097297,0.32007918223649745,0.00478683707461083,0.012669254212950346
4.367647058823529,1.4971067208430817,0.2297148697360163,0.765544669950707,0.6725219827711452,0.36338122418099467,0.017697029896775296,0.04188947212345118,0.009299053276818747,0.0076945508738878255,0.1440279104315444
4.38235294117647,2.0257318807217035,0.14915562038409697,0.5873665102628829,0.749723512208864,0.49570988209948896,0.005567560531812834,0.013432168837414618,0.013571237132643122,0.010718219291324032,0.2088455514166037
4.397058823529411,5.715549162342985,0.25183457401137255,0.44292568717622277,0.696475649685512,1.7139786267868327,0.17941196508543814,0.014577383530929782,0.0079438706253332,0.005807926651759969,0.12444838319806456
4.411764705882352,3.3242866780934532,0.4801572319396409,0.30325626074310863,0.48554931991365774,2.262510861146674,2.810104394106994,0.006915891834443487,0.0069066964864871894,0.00869536656005592,0.04167070108022007
4.426470588235294,1.0158216221348773,0.08787211479267615,0.3826735733272382,0.9408728338685151,0.7987680287109622,4.04107186219495,0.005328813652674553,0.010459543600316795,0.0094817698943233,0.056286853573723344
4.4411764705882355,0.5838556555840724,0.04772855501590233,0.2607955381497264,2.227793342953148,0.44055947819290553,1.2794310978821746,0.010902263227981171,0.007263295035339205,0.009660594705464327,0.02823490226664396
4.455882352941177,1.0386188285315159,0.24074025259487788,0.512760727421664,0.6717940848230538,3.94099221283463,1.1510692734440888,0.007681800208632039,0.009216670554501285,0.0071797631706394995,0.010682088000436168
4.470588235294118,2.1985612167692667,0.388723400691927,0.9341630811277226,0.3234340350511026,4.263179665847764,0.492123365580164,0.11097368028859399,0.00961366978045691,0.004438912467037526,0.03967595854783716
4.485294117647059,3.1795059343071475,0.10049592729858615,1.1402455808274738,2.105361041747692,6.118186321401836,0.7464721193476465,1.1572720583897795,0.008145262229391373,0.005519804050036344,0.006932589281794255
4.5,2.34504218044288,0.41007763136648084,2.7362771729649493,2.5433973338268165,1.924760984342255,0.2581067944950691,1.7771001988808952,0.006464245511955935,0.009932577215113607,0.0060077300488099675
4.514705882352941,2.014518287729483,0.3126551116351942,2.2304552131082955,2.2752719518105677,4.102886268694067,0.13177444098918897,0.42679438526179325,0.011198698245371837,0.009426925132183895,0.0050601565060544055
4.529411764705882,1.9040008245141475,0.1375711440755075,0.818131575123203,2.631302781240575,6.338748468059183,1.1221834330628004,0.01238022343532051,0.007015521670534597,0.007617408903815386,0.011563174988696284
4.544117647058823,2.6042056311949313,0.12874583760593453,0.701773334613027,2.3132983170630856,0.9784511708984451,2.1966481411623913,0.004545016489402155,0.006755492720166994,0.006563315847399163,0.009682774016809823
4.5588235294117645,1.452977563800945,0.16766297246174855,1.8667781707875175,1.9704910418848434,2.308746081892499,0.6444352890533299,0.008593827381297221,0.01566394240746259,0.006333985319753013,0.005722231652473982
4.573529411764706,1.0447557421415992,0.31539809985781087,1.7107562513463286,2.0191235817367996,0.4890711330131807,1.8436524021384604,0.07907970415571047,0.0108485433574499,0.005679908112864588,0.006088517501639911
4.588235294117647,0.8185215192815359,0.1503181944171652,0.3045465614726632,1.3223818853620954,1.9489617797722238,2.154985860286561,0.03980420504960284,0.00941268712224771,0.0022473774933004366,0.012747433185832654
4.602941176470588,2.706873523721343,0.9031294210899056,0.8763612480868024,1.177439248462452,1.5826860260208324,0.3486937139456739,0.05148932262381955,0.011488691099524662,0.008100207282260005,0.012588732070457541
4.61764705882353,2.646231510185135,0.3829423485741861,1.9947354772660533,3.219560574603691,13.081720342661628,0.7996045097921105,0.019523464996033257,0.008201246143993503,0.007994274238527676,0.006473382025373722
4.632352941176471,3.05936573267967,0.4153636729791803,0.975245060044724,8.572521405295294,45.593777047720735,6.314057575221575,0.011321743181960463,0.0069632314080717555,0.009946740785766364,0.007747468376487611
4.647058823529412,2.877407666838938,2.7331953422418467,2.862213584359931,7.476202427719661,6.47208517617698,2.549015606202089,0.04153831144627519,0.005373305610384301,0.006497313267084214,0.0048961908071093515
4.661764705882353,2.574645622685881,1.0991838972440129,4.934297534477693,38.05622354463699,3.701888327873862,2.3275914876437533,1.4887242791062976,0.032858259281981016,0.008430273088439447,0.0040578906699806705
4.676470588235294,1.9280250417823621,0.42098648788141746,7.1528836950447765,24.747909045560363,6.486392857258976,3.0331284597726538,72.05078165162979,0.6178329426880875,0.007003695766751774,0.014388516169805124
4.6911764705882355,1.6325297021851706,0.28341703805704266,11.578361793844838,50.185823369687355,1.661355962742609,0.49428355623754217,292.26689361851436,0.29628322885671093,0.0075580098250823124,0.010368228531462222
4.705882352941177,3.1523606148237846,0.40108237286698845,5.83972307742053,24.015395644893278,18.905060481720753,0.718024610028571,188.56088757552916,10.328693350920119,0.003090337963667974,0.008309935780897905
4.720588235294118,5.185564141975632,1.714962218316972,5.469803645806491,128.75951585563763,47.223770165749585,1.208166437598294,0.609921152362265,0.9383275228463295,0.003965013528642336,0.008083989874760661
4.735294117647059,2.7265125212645995,1.1374057022734054,10.417125021524308,31.212990076075577,23.65779033186932,3.5987456551537367,0.02549369338195421,0.09969781342817415,0.011630665029097159,0.02623543476259456
4.75,1.4307500330498797,1.8042143491655542,5.863187765212409,6.117352296768082,6.549986719327246,1.8526865433801738,0.023237789483278582,0.014172858449967334,0.008175433092700246,0.02744905856941758
4.764705882352941,1.782069336163178,0.21312683546771152,3.0156094321933686,18.350523901831373,2.473469576364181,2.3256681784854316,0.017490354152669158,0.01834173618471626,0.008767599485588265,0.11525555562539415
4.779411764705882,3.3022332410328703,0.3207290836348772,6.604210527718527,14.722379944178524,6.216565622464147,0.7922106482051966,0.006327238749070124,0.013591866043892908,0.016295409525719846,0.02564877586514365
4.794117647058823,4.456589004689998,1.058959952904221,7.353278549342226,1.1485655320708603,2.138673861738213,1.301227512452888,0.01159008170566241,0.005100953881310127,0.007521272482580799,0.008898358272910337
4.8088235294117645,3.462092245715658,0.7776287193869438,13.793765628597054,4.225858614245283,3.062052131615788,1.756267014188729,0.04125777981037043,0.011636687232400113,0.006386361514956158,0.016785710159815368
4.8235294117647065,1.0809284389213378,0.7646257746153228,25.95832755184339,11.775276013242767,9.15415270635756,1.1290676039973981,0.00979709563306843,0.008038670650010842,0.010080101526891259,0.03558800916072534
4.838235294117647,2.183544624204868,4.246639577160329,70.29671706655839,15.934025321766704,10.259704995052171,0.5874076830710914,0.010044858354295909,0.010103478970431738,0.009676906139291548,0.03703285200121161
4.852941176470589,2.446336202612585,1.0259267078629222,26.797732557025885,15.359098491234974,19.43296411725859,0.991111126485532,0.008564513586871289,0.012029137895843168,0.005830042689479777,0.07285203288912914
4.867647058823529,2.1931494689289273,1.5582352100609627,12.408908326503317,189.12287681607106,13.520417871021472,0.11643943963177754,0.010582013496333571,0.005589597546534096,0.009247439644576291,0.01375734335658421
4.882352941176471,6.813117840396405,3.8242761960759974,35.006019048111085,181.60311922619175,98.8451648565061,4.919082519619229,0.01584307038231781,0.010177960355992704,0.007768671909076029,0.012204357835124992
4.897058823529411,1.7180309389674637,10.202368320157872,45.1702922655055,176.83589591897783,118.04931078804644,143.44615888460257,0.07212605182591697,0.0031450668262546833,0.00616499843072118,0.00981680573572637
4.911764705882353,2.67794725728533,3.4366721354411216,8.164430361899822,142.37680460256416,227.38375476864314,281.0346902729735,14.14586359574614,0.012076296759224827,0.010737653302491088,0.013430232634545665
4.9264705882352935,4.086381020541137,4.635291738620931,6.037198330051622,175.43570055906653,69.79613196030303,26.74370483196828,13.494123298470326,0.009680612377360766,0.0052131415040254795,0.009760159829622372
4.9411764705882355,2.4662761138516887,3.886880118589752,7.196480371567299,66.61726092054617,32.36368137169816,8.581685803332611,40.06058765711036,0.07760813846448752,0.006376611599440485,0.018230455467095973
4.955882352941176,4.060577159449955,3.926367436459856,17.497201275793042,64.13383068178415,124.78288773647421,3.7546326986596443,20.69625951687192,1.2449968422300661,0.005713487083320926,0.04357557589934423
4.970588235294118,1.31594901046596,1.8913908625760407,5.400396260246476,70.8638197909277,35.18547528372928,4.192026036721627,2.9367640393843177,1.3556490855659467,0.006787176463817181,0.040150673694468536
4.985294117647058,2.6992243309514703,0.6494274722465576,23.075470477842654,19.67651750332405,9.933297668357385,2.491172234585365,1.1341082125008595,0.9586045504652585,0.004195501496903354,0.008908703588045276
5.0,3.517790195630582,2.06305153286345,46.92845818771436,6.6128477528430825,19.877028932261158,0.5090261331540652,0.04705929536163767,0.015082837110087056,0.011316426853173266,0.02480722235985472
5.014705882352941,2.1970622783627953,1.2720675403405683,14.178752408254057,7.692312947724386,283.19630199989996,1.1381889989658975,0.036664270291786566,0.012277222911258717,0.017198571881559113,0.04555978668309994
5.029411764705882,3.1085618547430913,2.7240222629965234,17.291084785758127,44.344021841893536,200.61007558886172,5.543947908965103,0.008109084063630877,0.00773650816347124,0.01096827556039852,0.05674428929986862
5.044117647058823,4.048496790080219,1.4276816183423024,19.85671553759392,94.43204912215235,6.976601659392848,0.34459131270663396,0.005859398916940678,0.006137158431878352,0.004994777983031753,0.06248341342127817
5.0588235294117645,4.5943500156709325,1.5159925710232176,8.87563460825163,60.194713343571834,9.221775755154676,0.41404620162603273,0.022930324801422246,0.00858818601549643,0.006464616312767902,0.04112207723970272
5.073529411764706,4.193477909280126,2.0229071187737198,55.86049152233738,31.957699653179212,24.36034364109553,4.489367569587751,1.9291426388766135,0.006571301504702152,0.005390657739156311,0.02798214807003037
5.088235294117647,2.8718920268719788,7.319898911665953,75.82224575002019,6.625693994496048,18.141634545550815,5.457529009264606,20.087474334956436,0.006486818097665012,0.007642178770962432,0.014843617286493995
5.102941176470588,3.046367233710816,2.8386646405081137,70.7897292509432,88.17290638909782,68.45807219549687,26.951861172743023,9.51604458513741,0.01703623163792525,0.008771224964923233,0.018575039843611377
5.117647058823529,1.287322812264308,1.707513587566884,16.013749108024047,60.98887882876359,1490.8474020443236,1101.4470185698358,6.822559272076168,0.09296557865595409,0.03394459233484893,0.16202107145046493
5.13235294117647,6.6036532192220045,0.7580831806902499,22.54086685903959,21.0681520382933,73.28317130403065,1380.1862551877425,937.5425703045967,0.7101794547020401,0.020170096636141256,0.13665337350888884
5.147058823529411,3.720317007091342,1.4608903806333582,9.86548378115798,32.8043428652336,13.133408445408023,369.93058277773366,728.8738814053017,56.329955764240616,1.4158409678048687,0.02156411806728663
5.161764705882352,6.065586263147419,3.074062012079848,32.68097889982444,340.53071652450404,14.319791678255802,63.376697386031246,119.29375544994855,964.3082099086574,0.9246358569235671,0.03996317056004322
5.176470588235294,7.712766651844349,1.0556192193428324,71.57808255177677,966.752390460639,9.618680266970514,19.135791091416692,152.46324908703738,86.26734687574871,0.2260785470160941,0.05990754749089256
5.1911764705882355,5.917887362411113,1.5849253618729169,254.79818555992586,629.2223761403037,31.341165413229103,35.57688481820879,56.61872318732274,31.669323653012103,0.03427708787642243,0.037309424840424835
5.205882352941177,2.588725664674218,5.542463776216531,198.75553287357806,1162.025832695636,102.80880933282859,3.0317045097683017,2.6277966641752464,0.898748823944392,0.018364656725232836,0.04709430543859231
5.220588235294118,1.5167671658934707,14.366210868929834,93.50394882116444,3787.405635011697,3719.4384625905514,1.603428133314622,0.43648095556314176,0.28085630012545343,0.2508593701579479,0.0274496738940064
5.235294117647059,2.6991390435917846,1.0381517183383686,46.498373075616215,104.06811750856187,8799.368636222003,286.7421001670588,0.13909924900675555,0.04327000954807618,0.1800793996791389,0.22647664503091697
5.25,2.8305470168397684,1.7441602305217208,84.08824562765223,44.72916647613095,8850.317912821598,3686.66516063564,16.771921248779936,0.015140729217000673,0.09733854680259255,0.37341981496035626
5.264705882352941,0.9060868253176924,2.386161180644952,25.050270497468112,11.021152870416941,1292.359258044092,16701.426377847743,465.1655743765404,0.05805330398287673,0.02086124324706016,1.1180233665420705
5.279411764705882,1.7359830779648622,3.6468543812657988,90.6666753515999,55.062301435820146,40.395742130028225,17510.868150721613,1858.3192812993532,0.14486453956464498,0.026439591876240873,0.3309810626852341
5.294117647058823,1.2660975636551128,1.8547104309566835,110.51886757373983,83.03366301177734,46.66733641594622,1596.6989900166554,4694.262009772896,6.538880510449665,0.03816258518642726,0.13670157678338946
5.3088235294117645,1.355756296991801,8.140346994545201,29.78632559068194,108.70618431950606,448.35800032732374,1916.8547824755424,1328.7751195530602,9.916166019289902,0.057868423111822866,0.07414144929049746
5.323529411764706,2.0324876501756615,8.712064899000246,25.744118811097355,192.13598320599067,138.14458044667674,344.97391659247216,1503.9639016384756,30.14124996755572,0.03390520229349264,0.03117480937428868
5.338235294117647,3.36344643692502,8.256581645245806,43.11204151453502,100.07466077185572,68.86104827841359,150.67272144667433,744.3392266724468,59.4480066483568,0.054483738151309524,0.06202151172192172
5.352941176470588,7.755928922491051,11.554807165205302,13.605184021263266,93.31925243627065,85.13332424251864,30.515104966709135,397.6073195118567,548.711273143247,0.02122299927023579,0.036057318970770136
5.36764705882353,2.413077192611625,19.244669697851414,83.1525169893217,312.98791861428936,48.8411499359951,15.330179331034403,42.257359191876745,104.12766150411741,0.01101142371982431,0.024625175851373533
5.382352941176471,2.167256765876191,12.709679823378364,43.09233150522287,188.55222309646567,6.581059799648427,8.355272978817041,3.303653958563986,1.7659796755655142,0.009808662023188391,0.033100216540858
5.397058823529412,2.532349779413272,5.210097172848437,660.0364160540639,529.3648615775548,0.8553179281835184,2.126759266285511,0.4907160562658169,0.09042240459924504,0.0105375885171572,0.02405380876379138
5.411764705882353,2.155600108604754,0.7161384627519316,1092.0273849808127,182.5941793021782,3.637101493544638,0.5217010634422661,0.38907954332708905,0.03260233454732433,0.0120336743938215,0.013883138103777237
5.426470588235294,1.1686449665796315,9.340938072579931,1211.4049994491415,78.62354389988371,6.104259648414662,0.22893780437405237,0.4314328603720765,0.01574364796400557,0.007497665659187479,0.012794916633394545
5.4411764705882355,2.1494901349647373,7.687194896125305,41.42276374453762,324.90727759481604,13.427835407265736,14.7321108391554,8.261097838937093,0.04948859779414037,0.006301089653705751,0.007226200296793357
5.455882352941177,3.2185691089440973,2.261346938269355,69.33951917882192,799.3655370454202,11.228281640692673,176.9633374152367,11.825540421664167,0.3236780495299197,0.01656112872445028,0.010039673933095893
5.470588235294118,1.554136750548559,1.6729322338988641,755.0240021583791,3175.9480568171566,752.3926297582167,43.14245719940648,189.54782928572868,0.14234003068251566,0.05083977768723863,0.008598793577119167
5.485294117647059,1.7131342756444972,3.9358231897407174,265.0743448443692,1669.0032923913516,11267.658415023854,1628.405495170113,1830.650531742662,0.19408556925219006,0.22897162810297828,0.06637785251140363
5.5,3.6992482347486897,1.1472017426979917,96.38096649388638,936.8902578140021,21791.494103999903,4720.463487932111,826.1329772198749,0.3792269024190494,0.04648928297150867,0.9597425586688877
5.514705882352941,3.141117828439506,14.33793848755131,84.768301611617,244.03592952137643,906.0600221770367,12936.855821963016,97.97936923959476,0.4010839134237568,0.03217497779463328,0.6683697438807434
5.529411764705882,1.6520740435803865,16.095036328256136,58.969530001681896,278.2745629872199,30.518564167717543,39277.54929861875,4844.7870922704815,0.7485834491150268,0.017703350471616693,1.219995950846738
5.544117647058823,1.3620466832427371,1.831736068505316,37.19222087259391,363.91200017540075,95.4820673837865,1719.3600463520286,16102.340985041958,1.573312923411803,0.0668958703248852,0.25144171146962097
5.5588235294117645,3.2436257870478817,11.459646260355594,26.874695051238938,122.79870913207873,208.0534951261024,197.60272462355996,15994.716212684827,38.52318787301719,0.09751469771554558,0.21752447893278135
5.5735294117647065,2.429993122461475,4.809955678035553,38.714115156042936,98.95373402413159,230.29191656427395,4895.327092693999,2658.5430715087355,59.75195474726317,0.05332181011926884,0.12613688551843552
5.588235294117647,2.471853867099257,3.5933204604878277,27.626019653060073,75.36027731726011,112.94949647662126,573.1459164107398,278.34905844670504,20.3789100517195,0.2002391124209573,0.16241526354636243
5.602941176470589,1.8722391030219236,3.984487601027444,31.942486678823172,45.93496848459212,134.3693721801337,609.5396978642771,108.83116101132859,4.010657786612393,0.060519866467587335,0.18121667378754977
5.617647058823529,3.863491999825104,79.79145937013158,56.07068383946542,26.080525296812063,156.05590603206696,300.3241355356415,40.13256105203134,2.386449355747278,0.019843561917580622,0.08290662206409707
5.632352941176471,2.4765967907985296,17.415160196295254,45.01197698265325,90.7492150467859,49.13731929628986,45.99967420417151,1.0851486672298583,0.21166072755284898,0.015038467792500027,0.1405564537594811
5.647058823529411,1.0085057703769902,7.463222508327434,91.46112671800499,42.39237979518552,42.823738749254495,7.2418017347875185,0.48215815829343456,0.038836696079424964,0.00941917442929402,0.062385427987950715
5.661764705882353,4.103262265058893,3.279227351667967,561.2005022358396,103.51183130695199,21.30850076566875,2.1066829236847604,0.1250199847670334,0.012790377636946744,0.012628552752760626,0.03837727049877712
5.6764705882352935,1.2727582558818724,4.594866845560351,1103.4044305875648,292.6315730514658,5.705165905241568,0.3748719298233159,0.11830444997091899,0.013520006186646194,0.011531678548563061,0.008292485992488167
5.6911764705882355,3.7816356713780466,4.127403421654718,418.80461115500174,470.6053535115556,2.258666187328454,0.8698523700919405,0.026209067605890635,0.015345756478606776,0.007254109428041194,0.009566448754075765
5.705882352941176,2.579289903161432,1.5245829112766889,824.8276464885699,1275.1540979561844,1.2014039518449873,0.10025047267571989,0.060338360160216625,0.01633270629726866,0.009774908674043518,0.00888148388819468
5.720588235294118,1.3354168647794098,1.1337789098420186,89.57027560642213,2086.9012501533157,3.0566252820622974,0.1259483198521495,0.028381593402585316,0.018231287238610294,0.003780717052483659,0.004640937959506852
5.735294117647058,2.3995361502236063,0.6057790471073339,42.588266781034754,2594.508763995594,15.16057155920371,0.09034564740886303,0.018029752418352515,0.07635677994024215,0.007057216034713141,0.007303756699923826
5.75,1.6720104885449556,0.3540416675764392,53.56522694811295,9074.499813085804,1167.969615136692,0.22383634098160154,0.11901666920925164,0.2185852897507946,0.03805569974974472,0.0069110860905617945
5.764705882352941,3.7876642386506494,0.21800376551852468,380.92761636212026,2393.610122300611,13963.75928245312,5.007740850553149,0.040320273016589726,0.036448252389948005,0.15600673253199787,0.03465437326262114
5.779411764705882,3.2703587747655707,3.398309450721186,171.54184584826453,296.7382904461143,21154.873105759452,86.05486416314481,0.5523838306797076,0.03643514732758661,0.04918592104920836,0.038463853579586926
5.794117647058823,1.434666871421693,0.32113881455485604,138.03214490814008,191.30811452684387,46230.77045570012,27495.754054149893,72.6346607978072,0.11564986034929295,0.13927342842453264,0.24896204177342698
5.8088235294117645,2.2318214384303023,0.5902883773331226,52.80826947180016,143.90717305059152,100.2492863212978,24135.78550787538,1681.3819344410608,0.3095799573727308,0.00823883090621784,0.0879444719314824
5.823529411764706,1.8577707949568552,1.9390951679070279,52.33013017172572,24.492991083946976,15.700740644051805,1298.2674839516055,1548.3441645086452,6.339323356896867,0.06108304434362068,0.12855869838559353
5.838235294117647,2.8678572084083056,2.009966868954762,43.28552649063748,45.714955759930255,38.40871638823043,604.7447836030839,7738.39479919065,107.7853157031922,0.22566934069956907,0.1625284078559491
5.852941176470588,1.450438689162682,1.1663819786708585,95.18926531271694,140.53295892538017,33.69448251484914,1115.308645132407,8028.476807062921,183.90998513820645,0.20231342842121053,0.4381659681816429
5.867647058823529,2.803763388960808,0.5247210167414594,231.57487793047886,52.4998870202313,99.24494604750214,454.66220872381854,1861.5449240181285,19.77462008729581,0.05796935870767686,0.07386931615928968
5.88235294117647,2.6811607126484827,4.345407816742712,12.185390768401131,31.03087470588584,81.22460342994309,141.95426726288667,129.54073164637123,7.150115244942016,0.035269988736920777,0.14497323641178217
5.897058823529411,3.908033929018647,6.1870464501652265,32.589975783576655,143.92916024062905,200.08261717109622,217.40245599218156,13.64723670616022,3.4846190987300694,0.021785981155266587,0.13648916773087552
5.911764705882352,2.24639767180399,4.354590865936417,101.806584895523,44.81151361126612,21.562261976046077,126.40836083114992,6.138877590088878,1.4250160542337875,0.024819605175150444,0.033861952786974035
5.9264705882352935,0.625940108797752,2.0693012395865336,65.19801525980336,121.759287719706,7.064584138320465,49.878781845164504,4.736279368153393,0.2042505735286869,0.007376621043122183,0.03504006547195161
5.9411764705882355,0.5908113345191207,6.70631742483557,9.76216093840365,21.608417716218,6.638105680901712,16.816949710228382,3.3180102448898063,0.07469623602589007,0.010611114594819688,0.059882486203779235
5.955882352941177,2.2459611639293033,3.570052548099272,28.573896922393224,256.54170168813926,7.335322321864754,0.15634946767065788,0.17830068960893214,0.021961972244444294,0.005825305786662679,0.017306550304160728
5.970588235294118,4.027814277747668,4.351120251134455,43.58786849508752,461.53647413287774,42.19505715794891,0.3426971143171583,0.05057867983504137,0.019784957039280272,0.01527376131187222,0.011363188696942746
5.985294117647059,2.546525679948493,1.6280529914915798,77.68646017446946,890.764006964602,1691.8823858507146,0.49210491236006404,0.012635412095335682,0.04325826049675205,0.15851936410121859,0.01116404619936319
6.0,12.992272664721096,16.70503747616679,42.031244217054024,738.6240573039779,2587.850834446746,140.88697754821254,31.103850722187374,13.80800369158557,8.490795551894774,4.559974632485649
